,title,subreddit,score,id,url,comments,body,created
0,"Oh no, 5G will kill us.",terriblefacebookmemes,15338,14fv157,https://i.redd.it/j1v6i6ewei7b1.jpg,677,,1687413618.0
1,5G has arrived.... let's discuss... üì°,conspiracy,1410,yn7odm,https://i.redd.it/lx2sknssx8y91.png,1099,,1667685701.0
2,How 5G disappointed 'pretty much everybody',technology,230,11es4z4,https://techxplore.com/news/2023-02-5g-disappointed-pretty.html,144,,1677639076.0
3,5G Modem Recommendation?,InternetPH,7,16qvhrz,https://www.reddit.com/r/InternetPH/comments/16qvhrz/5g_modem_recommendation/,18,"Hi,

Any suggestion for best 5G modem na within budget (that works best sa tatlong telco - Smart, Globe, and DITO)

Hmm sa price range siguro mga 10-12k 

Thank you ‚ù§Ô∏è",1695555167.0
4,Anyone considering the 5G home internet‚Ä¶DON‚ÄôT.,verizon,15,157ji5z,https://www.reddit.com/r/verizon/comments/157ji5z/anyone_considering_the_5g_home_internetdont/,108,"I was a satisfied Verizon mobile customer for years, frequently getting ~500mbps download / 30-60mbps upload on data. 

Fast forward to thinking 5G home internet would be a good idea for the $35/mo to replace Cox internet which was $120/mo. 

The max service I ever got was 300/20, even Ethernet to PC. Service was extremely intermittent, frequently testing as low as 20/5. Even at my highest speeds I was getting decimal point speeds down the hall in my small 1200sq ft house. Terrible ping, packet loss, you name it. 

If you video call, stream, game, or are a remote worker don‚Äôt even consider it. It is only adequate for web browsing if you are right next to the device. 

I have switched to fiber and have not looked back. Why my phone was able to reliably test 600/60 on 5G data but the 5G home internet was so terrible still does not make sense to me. You are honestly better off using hotspot.",1690130398.0
5,Should .5g have an effect,shrooms,8,86saf9,https://www.reddit.com/r/shrooms/comments/86saf9/should_5g_have_an_effect/,18,"I started microdosing today, B+, 0.5g - I had an empty stomach and didn't really know what to expect, but I thought that it wouldn't have any noticeable effect on me.

I've had the nauseous stage and now I can feel an internal warmth and a hum, 1 hour on.

Is that expected? I had hoped I could microdose every four days but I wouldn't feel comfortable at work like this",1521888177.0
6,Verizon 5g home internet review,cordcutters,62,14yl9eh,https://www.reddit.com/r/cordcutters/comments/14yl9eh/verizon_5g_home_internet_review/,36,"I found out about 3 weeks ago that it was finally available in my zip code (48637.) I was a bit unsure how it would perform for me compared to Spectrum but I figured reducing my internet bill by half was worth rolling the dice.
It took 2 days for the Gateway to be delivered. Plug it in, log into the MyVerizon app, reset the gateway password. That was it. Simple. Over the first few days the Gateway did freeze up and reboot as it updated. It happened once a day or once every other day. I am on the base plan that is $50 per month. Download speeds are consistently 300 mbps. Upload is 20 mbps. So, this is comparable to Spectrum's base plan. My ping is around 24-29, so it is fine for gaming. I do use it for cloud gaming via GeForce Now, streaming 4K content. No issues or buffering.

Footnote: I live about ¬º mile from the Verizon tower and can see it right now. So, I don't have any issues with obstructed signal.

So, take it for what it's worth, but if you want a lower bill and a quality internet connection then consider this if you have good verizon signal where you live. T-Mobile also offers something practically identical.

Oh, th Gateway does have a passthrough mode so you can attach your own router but, honestly, the built in router is pretty robust.",1689255791.0
7,Anyone tried out Redmi 12 5G ?,IndiaTech,3,15pevkt,https://www.reddit.com/r/IndiaTech/comments/15pevkt/anyone_tried_out_redmi_12_5g/,10,"Hello [r/indiatech](https://www.reddit.com/r/indiatech/) !

I am planning to buy Redmi 12 5G as a gift for someone. Looks like a total value for money phone when I look at the features it's offering and its price.

Is it a good idea? Or another better phone in the price range of Rs 12k to 14k?",1691872537.0
8,Redmi note 12 pro 5g,Xiaomi,3,164iaai,https://www.reddit.com/r/Xiaomi/comments/164iaai/redmi_note_12_pro_5g/,31,"Hey guys, my galaxy s20plus is at its wits end, and i really need a good phone, im done with buying highend phones so i wonder if the redmi note 12pro is anygood",1693315103.0
9,Anyone using TMobile 5g home internet?,duluth,5,11n2gdc,https://www.reddit.com/r/duluth/comments/11n2gdc/anyone_using_tmobile_5g_home_internet/,15,Thinking about ditching spectrum.,1678392903.0
10,You know... 5G is 5G,technicallythetruth,30218,15enrto,https://i.redd.it/mf0ssjktecfb1.jpg,292,,1690827689.0
11,5G,trippinthroughtime,74403,hdwk22,https://i.imgur.com/rCvC6l0.jpg,1084,,1592846581.0
12,5G,trippinthroughtime,58071,g25ez0,https://i.imgur.com/rCvC6l0.jpg,1059,,1587000584.0
13,Indian government says 5G doesn‚Äôt cause COVID-19. Also points out India has no 5G networks,worldnews,45490,n9xra8,https://www.theregister.com/2021/05/11/india_5g_covid_19/,1007,,1620741898.0
14,Indian government says 5G doesn‚Äôt cause COVID-19. Also points out India has no 5G networks,nottheonion,46576,n9r0ti,https://www.theregister.com/2021/05/11/india_5g_covid_19/,987,,1620716512.0
15,5G towers conspiracies,BlackPeopleTwitter,101041,g1zbs7,https://i.imgur.com/RfsSFi8.jpg,1438,,1586980273.0
16,The face of this pilot that goes from 1.5G to 7.5G and vice versa ¬´pilot centrifuge test¬ª,interestingasfuck,22632,rann8o,https://v.redd.it/kw5xezu901481,560,,1638841850.0
17,5G,PoliticalCompassMemes,16802,hssz3g,https://i.redd.it/uakhe3554eb51.jpg,402,,1594979743.0
18,5G Karen harasses land surveyor (OC),PublicFreakout,120781,mo5qqm,https://v.redd.it/6ja6duxwvcs61,3613,,1618064943.0
19,Anti-5G necklaces found to be radioactive,technology,56219,rin8n4,https://www.bbc.com/news/technology-59703523,1766,,1639764529.0
20,Surgeon in London performing remote operation on a banana in California using 5G,nextfuckinglevel,64843,14ntby4,https://v.redd.it/opc5a526fc9b1,2768,,1688212760.0
21,"It‚Äôs the 5G microchips, isn‚Äôt it?",confidentlyincorrect,13022,14czq9f,https://i.redd.it/kpw4uq8edv6b1.jpg,263,,1687134610.0
22,Anti 5G house?,ContagiousLaughter,6184,txz2xz,https://v.redd.it/n1zbg1uqrzr81,326,,1649287088.0
23,5G Standalone availability between May 2022 and Aug 2023. (Ericsson),MapPorn,4209,17d8183,https://i.redd.it/mhpg76rlelvb1.jpg,374,,1697910148.0
24,It just turns the baby into 5G tower,facepalm,56569,rklifj,https://i.redd.it/1v09c03qqo681.jpg,2426,,1640000756.0
25,Haven't heard about 5G and covid crap in a while.,AdviceAnimals,10316,13hdq9z,https://i.imgur.com/MSQK5kn.jpg,558,,1684074659.0
26,Standalone 5G all over the world.,IndiaTech,1516,17dkzbr,https://i.redd.it/x2woqic2kovb1.jpg,233,,1697948342.0
27,5G protesters sabotage Dutch phone towers,worldnews,22425,fz4ea9,https://www.dw.com/en/5g-protesters-sabotage-dutch-phone-towers/a-53094033,3167,,1586608876.0
28,5G Corn Stalks,dankmemes,8470,11w53qt,https://i.redd.it/t2y0mvoaeuoa1.jpg,81,,1679277540.0
29,Damn 5G towers...,memes,25127,fz40e4,https://i.redd.it/7lrjq3efl6s41.png,362,,1586607595.0
30,Huawei is making an 8K TV with 5G connectivity (but why the hell would you want a TV with 5G?),gadgets,12482,bk81ci,"https://www.tomsguide.com/us/huawei-8k-tv-5g,news-29991.html",2030,,1556887327.0
31,Tell em it protects from 5G,WhitePeopleTwitter,70389,hgrf5m,https://i.redd.it/v6kxzljymf751.jpg,730,,1593254783.0
32,This insane 5G warning pamphlet I found on the bus.,mildlyinteresting,13046,w0d0ko,https://i.redd.it/oj28eldxjwb91.jpg,1622,,1657965095.0
33,Anti-5G necklaces found to be radioactive,news,9370,rin178,https://www.bbc.com/news/technology-59703523,699,,1639763985.0
34,Posted over 5G,melbourne,1304,12fazfh,https://i.redd.it/c7h615v2nmsa1.jpg,239,,1680927032.0
35,Burn the 5G!,BrandNewSentence,21871,yr9wrk,https://i.redd.it/rzzxy3jzb3z91.jpg,70,,1668071693.0
36,Dumber than 5g Karens,memes,31694,gbrzuf,https://i.redd.it/071oi09ad8w41.jpg,318,,1588372455.0
37,Portable Unlimited Data 5G Hotspot,homelab,2248,13064q9,https://www.reddit.com/gallery/13064q9,185,,1682559529.0
38,What does 5G+ mean?,iphone,1476,12fw801,https://i.redd.it/185evds19rsa1.jpg,246,I‚Äôm used to seeing 5G but I‚Äôve never had this before.  It is faster?,1680982847.0
39,'Murder threats' to telecoms engineers over 5G,technology,27460,g7qzii,https://www.bbc.co.uk/news/newsbeat-52395771,1780,,1587808150.0
40,Bring back led paint to protect from 5g!,facepalm,3822,166eh6v,https://i.redd.it/i3rd4jyotglb1.jpg,146,,1693496213.0
41,"Two different .5g joints, two different sizes.",trees,2845,12bj2ye,https://i.redd.it/5agi0no6uwra1.jpg,258,,1680614647.0
42,5G,MoldyMemes,2476,16zxhfq,https://i.redd.it/gxta0fs7v8sb1.jpg,27,,1696450800.0
43,The only thing to fear is 5G itself,LeopardsAteMyFace,70619,kyug1x,https://i.redd.it/refb5ndh7sb61.jpg,886,,1610840890.0
44,5G on Double Ds,NewGreentexts,4097,1655w5r,https://i.redd.it/5uqycy1ro6lb1.jpg,50,Alt title: Reality Bytes,1693373476.0
45,5G TURNED ME INTO A ZOMBIE TODAY ü§Øüò≠ THE EAS IS TO BLAME üò°üò°üò° /j,WhitePeopleTwitter,4412,16zliou,https://i.redd.it/lwrjaqopf6sb1.jpg,691,,1696421378.0
46,"Intel says its 5G modems won't be ready until 2020, aligning with Apple's rumored 5G iPhone roadmap",apple,4978,atv9xj,https://9to5mac.com/2019/02/23/5g-iphone-intel-2020/amp/?__twitter_impression=true,614,,1550926865.0
47,Vegans and 5G conspiracy beliefs,vegan,4168,gnrkif,https://www.reddit.com/r/vegan/comments/gnrkif/vegans_and_5g_conspiracy_beliefs/,931,"Earlier today a prominent local vegan activist put up a (now-deleted) call on Facebook for protests against COVID-19 lockdowns, and the comments were immediately filled with vegan antivaxxers raving about 5G, chemtrails, and the NWO.

This nonsense cannot be allowed to take hold in the vegan community. We already struggle against the perception that vegans are crystal-waving hippy idiots. Having a bunch of people running around blending veganism with outlandish conspiracy theories would be a disaster.

Call this stuff out wherever it pops up. We need to make clear that vegan conspiracy theorists are a fringe of the movement just as they're a fringe of mainstream society.

&#x200B;

&#x200B;",1590042081.0
48,"AT&T Breaks Promise, Will Only Offer Fastest 5G Performance on Newest Phones",technology,18705,xdol2c,https://www.extremetech.com/mobile/339458-att-breaks-promise-will-only-offer-fastest-5g-performance-on-newest-phones,1139,,1663118640.0
49,Gotta watch out for that 5G,dankmemes,1756,16jri3t,https://i.redd.it/qdxh6pu11iob1.jpg,114,,1694818358.0
50,5G harms people,funny,9149,k6klpe,https://i.redd.it/2mn7tgki66361.jpg,179,,1607087429.0
51,5G is insanely good on iPhone 14 Pro Max,iphone,2304,135sv9b,https://i.redd.it/jqnl5g5tkhxa1.jpg,516,,1683044973.0
52,Those 5G towers,BlackPeopleTwitter,6771,q3waov,https://i.redd.it/xc5pmyhuu7s71.jpg,144,,1633694450.0
53,EU considers mandatory ban on using Huawei to build 5G,europe,2414,143312w,"https://www.reuters.com/business/media-telecom/eu-considers-mandatory-ban-using-huawei-build-5g-ft-2023-06-07/#:~:text=June%206%20(Reuters)%20%2D%20The,Financial%20Times%20reported%20on%20Tuesday.",348,,1686111455.0
54,5G speed in Delhi,india,1513,y4ib3h,https://i.redd.it/aw2sz3deixt91.jpg,276,,1665821959.0
55,*laughs in 5G*,memes,21760,mhvee0,https://i.redd.it/u8i3t421ekq61.jpg,118,,1617283991.0
56,Science says 5G is bad and stuff,confidentlyincorrect,13164,olytkt,https://i.redd.it/vcfrgx3stpb71.jpg,322,,1626502599.0
57,Trudeau Government Said to Ban Huawei From 5G in Canada,canada,6436,utbga4,https://www.bloomberg.com/news/articles/2022-05-19/trudeau-government-said-to-ban-huawei-from-5g-in-canada,581,,1652989415.0
58,"Study finds 4G, 5G stations are safer than a microwave",technology,5087,zo52ps,https://www.taipeitimes.com/News/taiwan/archives/2022/12/14/2003790695,304,,1671279247.0
59,"I'm renaming my router to ""5G VACCINE CHIP ACTIVATOR"" right now",HermanCainAward,12961,tdmdbe,https://i.redd.it/clbprp71a9n81.jpg,614,,1647222959.0
60,Boomer shit + 5G meme? They‚Äôre evolving,boomershumor,17873,f083vw,https://i.redd.it/vcjps362zgf41.jpg,675,,1581067215.0
61,Inside the Strange and Scammy World of Anti-5G Accessories,gadgets,8392,punovz,https://www.digitaltrends.com/mobile/anti-5g-devices-scams-online/?utm_source=reddit&utm_medium=pe&utm_campaign=pd,838,,1632501887.0
62,5G Kerbnet,KerbalSpaceProgram,1479,12tb0yb,https://v.redd.it/l6brpatz33va1,78,,1682016160.0
63,5G Madlad,madlads,12164,g9p51c,https://i.redd.it/rxkcx2jetkv41.jpg,122,,1588087308.0
64,When somebody says 5G doesn't cause coronavirus.,FuckYouKaren,34520,g11x0r,https://i.redd.it/v9jzu193xqs41.jpg,320,,1586853645.0
65,5G is here!,IndiaSpeaks,834,11ofmhn,https://i.redd.it/h88pd1w2c4na1.png,197,,1678526169.0
66,YouTube will suppress content promoting false 5G coronavirus conspiracy,worldnews,16038,fvlm8b,https://www.theverge.com/2020/4/5/21208956/youtube-suppress-false-5g-coronavirus-conspiracy,1692,,1586121546.0
67,Burn the 5G!,BrandNewSentence,7929,106aeyb,https://i.redd.it/1ujkgvh65raa1.jpg,38,,1673154294.0
68,That's why I recently got 5G: 5 girlfriends,terriblefacebookmemes,9579,mo0izo,https://i.redd.it/d3o2lgevxas61.jpg,380,,1618041259.0
69,"Romania approves bill to bar China, Huawei from 5G networks",europe,11577,muk6zn,https://www.reuters.com/business/media-telecom/romanian-govt-approves-bill-bar-china-huawei-5g-networks-2021-04-15/,692,,1618899510.0
70,Indian government says 5G doesn‚Äôt cause COVID-19. Also points out India has no 5G networks,india,3159,n9ndep,https://www.theregister.com/2021/05/11/india_5g_covid_19/,197,,1620702263.0
71,Apparently Boost Mobile has 5G iPhones,iphone,6730,j0ccgh,https://i.redd.it/ai68rzyvojp51.jpg,424,,1601149127.0
72,First space-based 5G call promises coverage across the globe,gadgets,2097,16pzby8,https://interestingengineering.com/innovation/space-based-5g-coverage-across-globe,146,,1695458868.0
73,Compare the scale of 5G rollout in India with its neighbors,IndiaSpeaks,1228,179qnmb,https://i.redd.it/jag78myh3pub1.png,263,,1697519089.0
74,Damn 5G,PewdiepieSubmissions,19531,giupi0,https://i.redd.it/2f6ozkg5phy41.png,90,,1589357103.0
75,Parents at school meeting are mad about new 5G tower,PublicFreakout,1442,11isvcd,https://v.redd.it/zbwrfkx53wla1,668,,1678008562.0
76,The 'Race To 5G' Is A Giant Pile Of Lobbyist Nonsense,technology,30075,eupz3c,https://www.techdirt.com/articles/20200116/08134343743/race-to-5g-is-giant-pile-lobbyist-nonsense.shtml,2031,,1580141668.0
77,Got my first dose of 5G today,teenagers,7271,nwvzc7,https://i.redd.it/8uwr4gypnh471.jpg,230,,1623352770.0
78,Did the 5G get any of you?,lostgeneration,683,16zv2wk,https://www.reddit.com/r/lostgeneration/comments/16zv2wk/did_the_5g_get_any_of_you/,199,Did any of you guys turn into zombies when the 5G from the EBS triggered the sleeper virus in your covid vaccine chip? I survived; it just made violently cum and shit. These pants are ruined.,1696444931.0
79,"Bell selects Ericsson, not Huawei, to build 5G cellular network",canada,14184,gv7lpd,https://www.cbc.ca/news/business/bce-5g-ericsson-1.5594601?__vfz=medium%3Dsharebar,735,,1591105499.0
80,Japan moving beyond 5G to take 6G lead,technology,2672,tl1gxp,https://asiatimes.com/2022/03/japan-moving-beyond-5g-to-take-6g-lead/,394,,1648054860.0
81,Huawei ousted from heart of EU as Nokia wins Belgian 5G contracts,technology,31389,j7wm4u,https://uk.reuters.com/article/us-orange-nokia-security-5g/huawei-ousted-from-heart-of-eu-as-nokia-wins-belgian-5g-contracts-idUKKBN26U0YY,1382,,1602239828.0
82,5G tower causes coronavirus,dankmemes,18378,k3sotu,https://i.redd.it/b0hlk1lijc261.jpg,99,,1606728595.0
83,China Threatens Germany With Retaliation If Huawei 5G Is Banned,worldnews,9641,earm67,https://finance.yahoo.com/news/china-threatens-germany-retaliation-huawei-230924698.html,1281,,1576368682.0
84,Blursed_5G_Tower,blursedimages,6063,gcsyeh,https://i.redd.it/kvj77jtookw41.jpg,141,,1588521571.0
85,"I'm a 5G installation engineer and people are constantly accusing me with bizarre conspiracy theories, such as how 5G is giving them headaches, or killing their sperm. I think they are completely crazy.",Jokes,33237,g4ycpk,https://www.reddit.com/r/Jokes/comments/g4ycpk/im_a_5g_installation_engineer_and_people_are/,768,4G must've fried their brains.,1587407319.0
86,Woman opens fire on cell tower - (Sharing for insane 5g nuts comments),videos,40287,g5g082,https://www.youtube.com/watch?v=MMH65DWbDB8&lc=UgwcvKbk_yesXkJGeZ14AaABAg,5172,,1587478593.0
87,bitte kein 5G,deutschememes,1283,yk13xt,https://i.redd.it/7n3kcdm6zjx91.jpg,125,,1667383501.0
88,5G Truthers Bought Faraday Cages to Protect Their Routers. They're Mad They Worked.,technology,26452,k7tk1x,https://www.popularmechanics.com/technology/infrastructure/a34874489/faraday-cage-5g-shield-conspiracy-theory/?utm_source=facebook&utm_medium=news_tab&utm_content=algorithm,1688,,1607260448.0
89,US airlines warn of ‚Äòcatastrophic disruption‚Äô on Wednesday due to 5G activation,technews,4279,s7fa6b,https://www.theverge.com/2022/1/18/22889141/us-airlines-united-american-delta-5g-c-band-disruption-radar-altimeter,1181,,1642559955.0
90,WSJ: Apple's 5G Modem Prototypes 'Three Years Behind Qualcomm's Best Chip',apple,915,16oeenn,https://www.macrumors.com/2023/09/21/apple-wsj-5gm-modem-project-challenges/,362,,1695298705.0
91,Canada has effectively moved to block China's Huawei from 5G,worldnews,8957,igg2gg,https://www.reuters.com/article/us-canada-huawei-analysis/canada-has-effectively-moved-to-block-chinas-huawei-from-5g-but-cant-say-so-idUSKBN25L26S,579,,1598374516.0
92,Australian poll finds 1 in 8 blame Bill Gates and 5G for coronavirus,worldnews,34748,gmhezr,https://www.zdnet.com/article/australian-poll-finds-1-in-8-blame-bill-gates-and-5g-for-coronavirus/,2953,,1589861405.0
93,"12.5g,this shit we smoke in Bangladesh.",weed,1450,tyop8x,https://i.redd.it/h1qorluro6s81.jpg,815,,1649370833.0
94,Lakdipakul 5G test (Airtel). I got 5G in Khairatabad too.,hyderabad,394,xxwsx9,https://i.redd.it/e8dymmgjeds91.jpg,164,,1665142670.0
95,5G Drains iPhone 12 Battery 20% Faster Than 4G in Benchmark,apple,13055,jfa72y,https://www.macrumors.com/2020/10/21/iphone-12-5g-battery-drain/,1010,,1603275488.0
96,5G monkey joint for the morn,drugscirclejerk,1327,11x6w29,https://i.redd.it/1q2of6vfb2pa1.jpg,149,,1679373435.0
97,Cars have 5G now.,facepalm,958,13lqkmj,https://i.imgur.com/vxfBHxq.jpg,103,Found on Facebook.,1684488990.0
98,YouTube to suppress content spreading coronavirus 5G conspiracy theory,Coronavirus,7520,fvf99x,https://www.theguardian.com/world/2020/apr/05/youtube-to-suppress-content-spreading-coronavirus-5g-conspiracy-theory,777,,1586099593.0
99,Don't need 5G when u have the fastest 4G in the universe,quityourbullshit,33779,jji144,https://i.redd.it/vwbyywzttrv51.jpg,673,,1603862733.0
100,Canadian military reportedly wants Huawei banned from country‚Äôs 5G,worldnews,9117,f21z2y,https://www.scmp.com/tech/policy/article/3049938/canadian-military-reportedly-wants-trudeau-ban-huawei-countrys-5g,798,,1581390020.0
101,5g gives you brain damage!!,ShitMomGroupsSay,5152,fp9bto,https://i.redd.it/8uebi90hwzo41.jpg,219,,1585219008.0
102,Imagine being scared of 5G towers,MurderedByWords,6772,g11jla,https://i.redd.it/h64g17l1rqs41.jpg,220,,1586851614.0
103,"–í—Ä–∞–≥–∏ –Ω–∞—Ä–æ–¥–∞, 5G",Pikabu,968,pk87sm,https://v.redd.it/xlv8v3d7g9m71,373,,1631098679.0
104,5G is about to cook our children!,insanepeoplefacebook,9064,htiday,https://i.redd.it/hfpe6lqqvmb51.jpg,232,,1595085898.0
105,5G did it! (slide 2),ShitMomGroupsSay,2634,t6qeib,https://www.reddit.com/gallery/t6qeib,148,,1646420903.0
106,Say 5G no to vaccines,dontdeadopeninside,10032,gtwabz,https://i.redd.it/6lr8qk5rn2251.jpg,144,,1590918422.0
107,5G Citadel,HalfLife,4585,g6ahrr,https://i.redd.it/13n4q6lvzfu41.png,114,,1587593106.0
108,Canada‚Äôs military wants Ottawa to ban Huawei from 5G,canada,9572,f1owaf,https://www.theglobeandmail.com/politics/article-canadas-military-wants-ottawa-to-ban-huawei-from-5g/,667,,1581333380.0
109,5G Kerbnet,KerbalSpaceProgram,4181,de6on7,https://v.redd.it/djud834fjyq31,135,,1570384485.0
110,"U.S. carrier lists Google G025E as a 5G compatible phone, possibly the Pixel 4a 5G",Android,2018,huqgc2,https://www.xda-developers.com/google-g025e-pixel-4a-5g/,209,,1595268998.0
111,5G,GaySoundsShitposts,2352,wwi58x,https://i.redd.it/otvqica1nkj91.gif,47,,1661343715.0
112,‚ÄúRevenge of 5G‚Äù Internet Comment Etiquette,videos,3683,g797vh,https://youtu.be/Q65aYK0AoMc,323,,1587738101.0
113,"5G Zombies are being activated tomorrow, October 4th.",FacebookScience,1029,16yo1bi,https://i.redd.it/0zasdefvqyrb1.jpg,121,,1696328342.0
114,"5G: On, Plane: Crashed",memes,17680,fwtmk0,https://i.redd.it/ap7ct53uwgr41.jpg,98,,1586296643.0
115,"Pulling apart a ¬£339 anti-5G USB stick | A device costing more than ¬£300 promises to protect your family from 5G, using ground-breaking quantum technology - but does it work?",gadgets,6524,gs2gpb,https://www.bbc.com/news/technology-52810220/,806,,1590655146.0
116,What's the deal with unlimited 5G?,india,353,17dtcwb,https://www.reddit.com/r/india/comments/17dtcwb/whats_the_deal_with_unlimited_5g/,182,"Jio and Airtel are doling it out for quite sometime, what do you guys think they are planning?

I think they will have a separate 5G plan, with obviously higher recharge values, but capped to a couple of GB per day.

I for one am enjoying 5G, but don't think its a great need. Have wifi at home to do the heavy lifting.",1697981476.0
117,"David Icke, man behind coronavirus 5g conspiracy, has Youtube channel shuttered for sharing misinformation",Coronavirus,46322,gcpsvd,https://www.newsweek.com/david-icke-man-behind-coronavirus-5g-conspiracy-has-youtube-channel-shuttered-sharing-1501641,2737,,1588508985.0
118,Antenas 5G. Portugal = 0,portugal,1418,nv0jr8,https://i.redd.it/3s7vc4ngd0471.png,404,,1623143518.0
119,AT&T gets burned by rivals over its fake 5G network,technology,22011,adum9u,https://www.engadget.com/amp/2019/01/08/verizon-t-mobile-burn-att-fake-5g/,932,,1546957284.0
120,"Found in a local ""5G truthers"" group",AteTheOnion,10976,dguvki,https://i.redd.it/u20w8ce5z3s31.png,240,,1570885379.0
121,"The ""5G causes Corona"" idea, has been manufactured to make anyone opposed to 5G towers seem like idiots.",conspiracy,1475,hhe87m,https://www.reddit.com/r/conspiracy/comments/hhe87m/the_5g_causes_corona_idea_has_been_manufactured/,379,"Title says a lot. There are many reasons to be sceptical of the installation of 5G. With 5G cell data, your devices can be tracked down to the centimetre, and this level of detail in tracking is highly exploitable. This is the reason I'm skeptical of 5G, especially when 4G is as good as it already is.

There has been initial opposition to 5G towers, but they were quickly overrun by the people claiming that ""the 5g towers would cause cancer and corona"" . This has made it totally impossible to even discuss the existence of these towers without people instantly branding you insanely paranoid.

I find it all suspicious, and now the towers are being built all over.",1593350371.0
122,AT&T misleads customers by updating phones with fake 5G icon,technology,24254,adkzn1,https://www.theverge.com/2019/1/7/18172355/att-fake-5g-logo-rolling-out-samsung-lg,856,,1546888157.0
123,Make Linus daily drive a Tab S9 Ultra 5G guys!,LinusTechTips,3630,16zah3s,https://i.redd.it/tmb78xpud3sb1.png,55,It fits all the requirements. Has cellular connectivity. Has a big screen since he likes that for productivity. Has OneUI which he said he's used to. He said he liked connecting his phone to a bigger display: DeX. Has the latest Android version. I would pay to make him use this for a whole month as his phone.,1696384427.0
124,CZƒòSTOCHOWA 5G PR√ìBA 300% MOCY,Polska,3800,hxewj5,https://i.redd.it/3sxhk48bxwc51.jpg,201,,1595643323.0
125,T Mobile touting their 5G coverage with 4G in the same color...,assholedesign,46308,eeobji,https://i.redd.it/n3brpa9ndf641.jpg,683,,1577125285.0
126,A Faraday cage for your router... to block 5G,ofcoursethatsathing,8186,k5rp4u,https://i.redd.it/vlsgw97fxw261.png,295,,1606975429.0
127,that damn 5G...,Minecraft,14480,h8d83i,https://i.redd.it/j6xgatjf4q451.png,74,,1592074222.0
128,5g death towers.,ShitMomGroupsSay,2606,gdf1ak,https://imgur.com/dR0Mvkc,179,,1588610595.0
129,BlackBerry's Coming Back With 5G Android Phone in 2021,gadgets,6983,ifav8r,https://www.digitaltrends.com/mobile/blackberry-onwardmobility-5g-smartphone-news/,486,,1598215398.0
130,Believe me when I say 5G causes autism.,memes,12158,njwrf5,https://i.redd.it/t6pcybmca2171.jpg,160,,1621859127.0
131,"Wait, I thought it was 5G?",vaxxhappened,7917,qa0zgo,https://i.redd.it/us2c3dlh41u71.jpg,100,,1634484640.0
132,5G protesters sabotage Dutch phone towers,technology,2327,fzeu4z,https://www.dw.com/en/5g-protesters-sabotage-dutch-phone-towers/a-53094033,446,,1586632097.0
133,5G‚Äî>Death = Science,facepalm,4297,fzdnp9,https://i.redd.it/uylwgodeh8s41.jpg,150,,1586630445.0
134,I wish 5G did this to me,traaaaaaannnnnnnnnns,4265,sg61v2,https://i.redd.it/bzuk1fyytse81.jpg,129,,1643537057.0
135,AT&T Launches Fake 5G Network in Desperate Attempt to Seem Innovative,technology,38003,67no0t,http://gizmodo.com/at-t-launches-fake-5g-network-in-desperate-attempt-to-s-1794645881,2223,,1493208236.0
136,No 5G?,MoldyMemes,1689,13wc65p,https://i.redd.it/agr2rc79y43b1.jpg,25,,1685507194.0
137,S23 ultra 5G caught fire,samsung,254,16bv2is,https://www.reddit.com/r/samsung/comments/16bv2is/s23_ultra_5g_caught_fire/,209,"My s23 caught fire 2 weeks ago randomly in my pocket. Samsung claims it was an impact that caused it. I have the whole thing on security video and samsung is ignoring all that. What should I do?

Edit: video link. Sorry for the format and it being a short, this isn't my fort√© and the camera isn't that great

Reuploaded for clarity 

https://youtu.be/BpPUOdymrsU?si=3HUVjCDCxjRexJ3C

https://youtube.com/shorts/-LrI_SKWvzI?si=C5Gb7DTgdClylLa6

Edit #2: Common questions I can answer in advance

-There isn't more video because the camera only records motion

-I set down a ryobi ratchet 

-no injuries 

-phone wasn't charging or near dead

-I can't get the case off because it is melted",1694032160.0
138,5G Coconut,memes,6911,pr36xk,https://i.redd.it/gkyuiafvseo71.jpg,42,,1632035150.0
139,Ajax_40mm shares a danger worse than 5g,bestof,5550,hma8n2,https://www.reddit.com/r/Winnipeg/comments/hlwlms/are_you_aware_there_are_plans_to_put_a_5g_antenna/fx2kc4r,285,,1594051038.0
140,Conspiracy theorists spread ‚Äò5G Covid‚Äô mind-control chip diagram that is actually a guitar pedal,technology,31598,kqz8rt,https://www.independent.co.uk/life-style/gadgets-and-tech/5g-covid-guitar-pedal-b1782573.html,1235,,1609856210.0
141,CoronaVirus = 5G EMF exposure!,ShitMomGroupsSay,4808,f4pgiq,https://i.redd.it/sfgz2bwft9h41.jpg,209,,1581852273.0
142,iPhone 15 uses new Qualcomm modem for upgraded 5G performance,apple,982,173e9jz,https://9to5mac.com/2023/10/08/iphone-15-upgraded-5g-performance/,176,,1696810657.0
143,"5G virus conspiracy theory fuelled by coordinated effort involving bot accounts, researchers say",worldnews,12579,fyb2mz,https://www.scmp.com/tech/gear/article/3079328/5g-virus-conspiracy-theory-fuelled-coordinated-effort-involving-bot,1175,,1586504238.0
144,FCC accused of colluding with Big Cable to game 5G legal challenge,technology,41645,ak1vfb,https://www.theregister.co.uk/2019/01/25/fcc_accused_of_colluding/,776,,1548517289.0
145,5G killed dinosaurs,memes,23852,gq468m,https://i.redd.it/zayptgko6u051.jpg,63,,1590379977.0
146,"My first enhanced leaf,I like to call it ""alien marijuana"". DMT 1g, Lavander 0,5g, Mint 0,5g and 0,5g chamomile.",DMT,504,y36i82,https://i.redd.it/6uusdnhncmt91.jpg,131,,1665686850.0
147,5G go brrr,dankmemes,10373,kpss3f,https://i.redd.it/oi1bpb10k6961.png,59,,1609707120.0
148,$350 USB Stick That Claims to Block 5G Is Actually a $6 Generic Thumb Drive,gadgets,39638,gsdyrh,https://www.pcmag.com/news/350-usb-stick-that-claims-to-block-5g-is-actually-a-6-generic-thumb-drive,1603,,1590697222.0
149,5G,trippinthroughtime,3177,lvbzit,https://i.imgur.com/rCvC6l0.jpg,65,,1614612487.0
150,"5G as a wireless power grid: Unknowingly, the architects of 5G have created a wireless power grid capable of powering devices at ranges far exceeding the capabilities of any existing technologies. Researchers propose a solution using Rotman lens that could power IoT devices.",science,39248,mecygz,https://www.nature.com/articles/s41598-020-79500-x,1620,,1616848570.0
151,Invisible 5G Horse,shitposting,8705,o28r5f,https://i.redd.it/0lej8080cw571.jpg,51,,1623966315.0
152,When the 5G hits you just right,nextfuckinglevel,5350,p2pqpf,https://v.redd.it/yn90exziltg71,126,,1628727500.0
153,T-Mobiles 5G map is a giant middle finger to the great state of Nebraska,funny,5100,tnblm8,https://i.redd.it/clny1a6gufp81.jpg,811,,1648174157.0
154,I gave my dying father 5g of dried mushrooms.,Psychonaut,1316,12b3x0s,https://www.reddit.com/r/Psychonaut/comments/12b3x0s/i_gave_my_dying_father_5g_of_dried_mushrooms/,172,"I'm just about back to baseline, whatever that really means, from a mushroom trip. 

My dad is dying of stage 4 cancer, he has a few weeks left to live. I gave him 5g of dried mushrooms yesterday and today I took the remaining 2g.  

It's been around 2 years since I last tripped on DMT and I have dabbled, albeit not all that often, on most pysc's. 

I treat most of my trips as meditation practices and this was no different, instead this time I sat in front of a full sized mirror and set my focus as my reflection. 

There is an aspect to tripping that you always forget after and only when you're back in it do you realize 'Oh yea, fuck...this is what it's like.' It can be psilocybin, LSD, DMT, they all invoke a perspective that is usually unattainable yet is so cross relative to each other. The confrontation I call it, when you come face to face with it again, can always feel daunting. 

The come up was pretty quick, I had fasted for close to 20 hours at that point, and immediately I recognize that reality or the 'external world' is really just a projection of myself. It's all a narrative, we fall into them and act them out, psyc's can pull us back out, but not really, instead we just find ourselves in a new narrative, one where we can see the usual sober stories we're invested in, but we are simply looking at it from another perspective, a new one. There isn't really an escape so to speak. To be free of it would be to NOT be it -  and you can't not be it - and expect to see it. It is, as you are. 

I have a similiar experience to a past psilocybin trip, where I see my face age until I am staring at an old man, I see myself as a kid, I can see all the blood capillaries underneath my skin, I see my heart beating, for the first time I can feel my heart in a way I never have, every heartbeat feels good. I never really thought about how tirelessly my heart works to keep me going and very rarely does it complain. It's a good heart. 

The sense of being alive feels incredible, to be alive, to breath, to feel the pull of gravity, the warmth of skin, to be able to smell, and touch, and see and hear. There is so much here we take for granted. I take for granted at least. 

I expected to it to be an emotional experience considering my circumstances, and it was, just not in the way I had thought. 

As I'm looking at myself I have this stupid fucking smile on my face, it's just pure joy and it's amazing to look at. To see joy expressed through this little hairless rodent creature that is tripping balls. It takes a minute to hit me the grinning rat monkey is me, and I burst into the best laughter I've ever had. 

'I'm this?!, Why in the fuck is everyone so damn serious about everything all the time. Look at us, we're naked mole rats with nukes. Sometimes you just need to go with it. No judgements, it is what it is, dance in it. Play with it.' 

I hear a voice saying 'That's it! You keep forgetting to play in it, play in it, all of it. That's the whole fucking point.'

At this moment the trip takes on a darker tone, I see porcelain bones and rotting flesh whenever I close my eyes, botched surgeries, dead bodies, all my visuals take on a mustard yellow and black coloration. 

And then I ask out loud 'Everything that consciousness has to offer and you give me human-centric blood and guts and bodies. I will dance in the gore if I have to but is this really what you want?'

Something about my mindset to it, my openness to play, regardless of the subject matter seemed to shift something and I was back to laughing and grinning like the happiest monkey I've ever seen. 

I have never seen that pure emotion of joy on my face before, really looked at it you know? It such a thing of beauty, it's just feels great to see joy expressed so freely. I look good when I smile, yet I walk around with a permanent neutral expression plastered on my face. No more. 

I tried to sit down at my computer to write but the screen was uninteresting compared to the colors of the sky, the hues of green on the tree's outside. 'Why would I stare at a screen when there is this' as I pointed out the window. 

I thought about my Dad for a while. I am going to miss that guy, he's honestly one of the most selfless people I've ever met, he's fundamentally a good thing, the world would have been that little darker without him it in. But I also know that nothing stays the same, everything comes to pass, the good, the bad, the neutral. Everything is in constant motion, only the witness remains. 

I gave my Dad mushrooms yesterday. A lot more than I took today. He had asked to try them, something he'd always wanted to do and just never got around to it. He spent most of the trip lying in bed, he cried at one point and laughed at others but he seemed pretty unaffected by it. A lot less than I was today.

When he had gotten out of bed I asked him about the experience and he just shrugged and said he didn't feel much. I had hoped (selfish I know) that the experience would open him up a little, he's never been very open with anyone. When he got emotional during the trip he would repeat 'I'm sorry, I'm sorry' and I would reassure him that it was OK to be vulnerable, if anyone had earned the right to be, it was him in that moment. 

As i said I gave him 5g of dried shrooms, I took 2g. If I had taken 5g I would have been gone 100%. Partly the reason I took them today was because I was genuinely curious if they had been kept around for too long and lost potency. 

But I realized that, life, this narrative, it's going to go the way it goes, I honestly don't have any control over it. I do have one choice though. To dance or not to dance and mother fucker I am going to dance until my legs fall off. 

When everyone is complaining and down, I am going to beam my goofy grin as far as my lips can stretch, offer my hand and ask everyone to join me. They either do or they don't.",1680569136.0
155,3 in 4 Canadians reject Huawei in Canada‚Äôs 5G network,canada,6860,grs8wh,https://thinkpol.ca/2020/05/27/3-4-canadians-reject-huawei-canadas-5g-network/,517,,1590613224.0
156,Acoperire 5G RO vs BG (part 2),Romania,548,14s7llv,https://i.redd.it/at9q6o1v7cab1.jpg,199,,1688646133.0
157,0.5G and Super Mario Bros! Letsa GoOo!,shrooms,1203,12gpo5k,https://i.redd.it/3kh86u49qxsa1.jpg,188,It seems my timing was perfect too. Feeling all light and fluffy and the movie starts in 5 minutes ü§©,1681061276.0
158,Verizon and T-Mobile call out AT&T over fake 5G labels,gadgets,17108,advo7w,https://techcrunch.com/2019/01/08/verizon-and-t-mobile-call-out-att-over-fake-5g-labels/,749,,1546963586.0
159,The 5G world needs,weed,5083,gqygli,https://i.redd.it/tbtu9k4jh4151.jpg,113,,1590504695.0
160,What is this thing she is pretending is‚Ä¶ a 5g tag?,vaxxhappened,3698,qlh0rf,https://i.redd.it/xekkod0hm9x71.jpg,375,,1635895087.0
161,Neue Nebenwirkungen von 5G entdeckt ü§°,600euro,862,15f5hfm,https://i.redd.it/h87a40dpcgfb1.jpg,88,,1690875406.0
162,"5G towers could be attacked across the US this weekend, group warns - A rumored 5G protest day could take place Saturday.",technology,1673,gxd4c0,https://www.cnet.com/news/5g-towers-could-be-attacked-across-the-us-this-weekend-group-warns/,382,,1591391264.0
163,Got this many seeds in 5g. Should i say anything to my plug?,trees,595,17biwkm,https://i.redd.it/eybh0kjet5vb1.jpg,410,,1697721415.0
164,Liderul AUR se laudƒÉ cƒÉ partidul sƒÉu a votat √Æmpotriva implementarii tehnologiei 5G de pe un dispozitiv 5G (George Garbacea pe Facebook),Romania,1708,rd0xli,https://i.redd.it/6qkg36foen481.jpg,183,,1639112900.0
165,5G compo face,compoface,397,173zr5c,https://i.redd.it/dcr4ub8c48tb1.png,66,,1696877617.0
166,5G is not triggering nanotechnology in the Covid vaccines,Coronavirus,990,13yi8tu,https://fullfact.org/health/5G-covid-vaccine-deaths/,177,,1685725276.0
167,Cursed_5G,cursedcomments,14212,nqkhrk,https://i.redd.it/eb046kqghu271.jpg,29,,1622636360.0
168,UK nurse that promoted antivax and 5g Covid theories loses ability to even be a Nurse.,byebyejob,26542,ns389l,https://www.independent.co.uk/news/uk/home-news/kate-shemirani-covid-nurse-struck-off-b1859159.html,846,,1622807408.0
169,"I just turned into a 5G Zombie! Damn you, Vaccine!",GenX,437,16zuo7t,https://www.reddit.com/r/GenX/comments/16zuo7t/i_just_turned_into_a_5g_zombie_damn_you_vaccine/,266,"Oh wait, what? Nothing happened? Lol",1696443946.0
170,AT&T will put a fake 5G logo on its 4G LTE phones,gadgets,18715,a8cmgp,https://www.theverge.com/2018/12/21/18151764/att-5g-evolution-logo-rollout-fake-network,921,,1545415582.0
171,Blursed 5G,blursedimages,7598,ggw6og,https://i.redd.it/4zzlps4vqvx41.png,58,,1589091339.0
172,China uses 5G robot to do remote eye surgery from 350 miles,tech,1640,15h1zur,https://interestingengineering.com/science/china-uses-5g-robot-to-do-remote-eye-surgery-from-350-miles,140,,1691063476.0
173,OnePlus 8 5G Appears On Geekbench With 12GB Of RAM,gadgets,4216,fccbp6,https://www.androidheadlines.com/2020/03/oneplus-8-5g-geekbench.html,751,,1583156997.0
174,Trump is reportedly pressuring the Pentagon to give no-bid 5G spectrum contract to GOP-linked firm,technology,54121,jf5ywt,https://theweek.com/speedreads/944958/trump-reportedly-pressuring-pentagon-give-nobid-5g-spectrum-contract-goplinked-firm,2215,,1603253678.0
175,What‚Äôs going on with the 5G conspiracies?,OutOfTheLoop,2312,ftuq20,https://www.reddit.com/r/OutOfTheLoop/comments/ftuq20/whats_going_on_with_the_5g_conspiracies/,550,Is it about cell phones? And cancer? Like ‚Äúchemtrails‚Äù type paranoia? I‚Äôm very confused.  [example](https://www.reddit.com/r/vaxxhappened/comments/fqtld2/spotted_on_my_facebook_sadly_see_this_causing_a/?utm_source=share&amp;utm_medium=ios_app&amp;utm_name=iossmf),1585862077.0
176,"I've been zombified by 5G vax-jabs so many times since this all started, I don't even know what to do with myself",facepalm,3086,16z0atv,https://i.redd.it/snt0bfjtb1sb1.png,1102,,1696359578.0
177,"To all people who believe 5G is the spread of coronavirus, you are ________________",AskOuija,20414,g1rjw4,https://www.reddit.com/r/AskOuija/comments/g1rjw4/to_all_people_who_believe_5g_is_the_spread_of/,695,,1586956005.0
178,Japan to set 5G network relay devices on traffic signals,Futurology,6122,c0vcck,https://mainichi.jp/english/articles/20190615/p2g/00m/0bu/022000c,429,,1560589085.0
179,‚Äú5G killed him ‚Äú -Karen.,terriblefacebookmemes,8948,g75292,https://i.redd.it/xkzdmb3kdqu41.jpg,94,,1587718775.0
180,"This remote surgery was made by a London surgeon on a BANANA in California, using 5G. A mind-blowing potential!!!",Damnthatsinteresting,8699,10a4wcv,https://v.redd.it/iymq8cxnanba1,646,,1673543595.0
181,Google plans to beam 5G internet from solar drones,Futurology,7186,43ggez,http://www.engadget.com/2016/01/30/google-project-skybender/,681,,1454195500.0
182,5G theory intensifies..,conspiracy,815,s775vf,https://i.redd.it/op8wl4fjbic81.jpg,197,,1642538093.0
183,"Canada has no choice but to bar Huawei from 5G mobile networks, security experts say",canada,6351,qtqt4f,https://www.nationalnewswatch.com/2021/11/14/canada-has-no-choice-but-to-bar-huawei-from-5g-mobile-networks-security-experts-say/#.YZEbM5BlDqu,566,,1636899754.0
184,Get urself checked for 5g covert ids before it‚Äôs too late!,insanepeoplefacebook,1014,1782wfa,https://i.redd.it/j66jfymrd9ub1.jpg,148,,1697328784.0
185,Pilot going through G-force training (and experiencing 7.5G) to be able to operate fighter jets!,Damnthatsinteresting,4820,132b6hq,https://v.redd.it/mkcvijh67pwa1,232,,1682719396.0
186,Fire attacks on Scottish phone masts soar as bogus 5G coronavirus conspiracy theory spreads,worldnews,9248,gc4sk5,https://www.dailyrecord.co.uk/news/scottish-news/fire-attacks-scottish-phone-masts-21959170,1029,,1588418161.0
187,Apple Sitting Out the 5G Party Won't Hurt the iPhone,gadgets,5691,a4ls1f,"https://www.tomsguide.com/us/apple-5g-iphone-plans,news-28796.html",846,,1544369802.0
188,5G Trees,196,1395,134mu8y,https://i.redd.it/7a290fdh48xa1.jpg,25,,1682948548.0
189,Coronavirus=5G,PhonesAreBad,4616,g3bunr,https://i.redd.it/0h0qa1iudgt41.jpg,69,,1587161953.0
190,Newly erected 5G mast 'deliberately' set on fire,news,2449,gpsw3x,https://www.bbc.co.uk/news/uk-england-derbyshire-52790399,438,,1590338745.0
191,"If you think 5G towers caused Coronavirus, your officially below 10 IQ",meme,15676,g6vp2j,https://i.redd.it/rbpac8jo1nu41.jpg,339,,1587678458.0
192,"UK wants 5G alliance of 10 countries, including India, to avoid reliance on Chinese Huawei",worldnews,17166,gssssu,https://theprint.in/world/uk-wants-5g-alliance-of-10-countries-including-india-to-avoid-reliance-on-chinese-huawei/431735/,950,,1590758061.0
193,5G trip and saw this üòÆ.,shrooms,1417,12hhu6h,https://i.redd.it/ra11jq5yz1ta1.jpg,66,,1681130965.0
194,It's good radiation not evil 5G,dankmemes,11035,lfx9bb,https://i.redd.it/z493fif5meg61.jpg,77,,1612855568.0
195,What is up with everyone afraid of 5g?,OutOfTheLoop,2493,fv5cth,https://www.reddit.com/r/OutOfTheLoop/comments/fv5cth/what_is_up_with_everyone_afraid_of_5g/,411,"I always assumed it just meant faster data speed, like an upgraded 4g. Now there‚Äôs all these conspiracy theories and panic over it that I don‚Äôt understand one bit. 


https://www.theverge.com/2020/4/4/21207927/5g-towers-burning-uk-coronavirus-conspiracy-theory-link",1586049813.0
196,"The UK's mobile providers are being banned from buying new Huawei 5G equipment after 31 December, and they must also remove all the Chinese firm's 5G kit from their networks by 2027.",worldnews,4209,hr00bc,https://www.bbc.com/news/technology-53403793,414,,1594727208.0
197,Is there any reptile I can put into a 5g or 2.5g tank?,reptiles,82,15bhgue,https://www.reddit.com/gallery/15bhgue,139,,1690501703.0
198,About to watch Dune in Imax. 5g lemon tek. Let‚Äôs get it,shrooms,2910,r9sk6d,https://i.redd.it/eni32fee6t381.jpg,611,,1638746910.0
199,1 billion could be using 5G by 2023 with China set to dominate,Futurology,15038,77difk,https://www.cnbc.com/2017/10/18/5g-to-have-1-billion-users-by-2023-with-china-set-to-dominate.html,1102,,1508408434.0
200,"‚ÄòAnti-5G‚Äô necklaces are radioactive and dangerous, Dutch nuclear experts say",tech,3016,rjmbhx,https://www.theguardian.com/technology/2021/dec/17/anti-5g-necklaces-radioactive-dutch-nuclear-experts-quantum-pendants,275,,1639879736.0
201,5G in US averages 51Mbps while other countries hit hundreds of megabits,tech,5391,iho0ep,https://arstechnica.com/information-technology/2020/08/5g-in-us-averages-51mbps-while-other-countries-hit-hundreds-of-megabits/,490,,1598545039.0
202,"The 5G HORSE, crippler of the unvaccinated",Bossfight,16709,m8fhrf,https://i.redd.it/fa9eheor3zn61.jpg,80,,1616154566.0
203,5G Towers are perhaps cheaper and more efficient than hormones,traaaaaaannnnnnnnnns,7892,mc0b56,https://i.redd.it/6gm41sy3mxo61.jpg,168,,1616572369.0
204,Three years in prison for man who set fire to phone mast after researching 5G coronavirus theories,worldnews,40108,gz1ujn,https://www.liverpoolecho.co.uk/news/liverpool-news/three-years-prison-man-who-18381653,1588,,1591631450.0
205,Twitter starts aggressively fact-checking tweets linking 5G to COVID-19,technews,8273,gzmjw7,https://www.theverge.com/2020/6/9/21284940/twitter-5g-coronavirus-covid-19-fact-check-disinformation-conspiracy-theories-label,290,,1591707178.0
206,It just turns the baby into 5G tower,facepalm,1639,ugbvg2,https://i.redd.it/jxtn6puq4yw81.jpg,188,,1651446506.0
207,"On January 5th, 5G was supposed to launch and kill us all.",agedlikemilk,5514,rvzc5m,https://i.imgur.com/c4xK3F9.jpg,208,,1641316266.0
208,"Samsung sells ""5G"" smartphones without a 5G module in countries that doesn't support 5G at the moment pure rip off.",samsung,1099,fpmiyi,https://v.redd.it/kv0v3f69u3p41,120,,1585266697.0
209,the Samsung 5G Smart Washer is the superior gaming device,dankmemes,17434,h7sghv,https://i.redd.it/qudmu9jzgj451.jpg,174,,1591993692.0
210,South Korea will launch 6G trials in 2026 with 1TBps speeds and 1/10th latency of 5G,Futurology,19795,j39kx5,https://www.broadcastprome.com/news/satellite/south-korea-plans-to-launch-6g-trials-in-2026/,1780,,1601562410.0
211,more people have been hurt by 5G protests than 5G itself,Showerthoughts,2172,gp1aza,https://www.reddit.com/r/Showerthoughts/comments/gp1aza/more_people_have_been_hurt_by_5g_protests_than_5g/,70,,1590221610.0
212,"""The Revenge of 5G"" -- Dude satisfyingly rips into conspiracy theorists so you don't have to",videos,21098,g8ji15,https://www.youtube.com/watch?v=Q65aYK0AoMc,1105,,1587925559.0
213,Magic necklaces to protect your pet against 5G,facepalm,1735,u4x1s0,https://i.redd.it/kdi2wuzxzvt81.jpg,180,,1650113109.0
214,Autentiskt inl√§gg fr√•n Sveriges st√∂rsta anti-5G grupp,sweden,2725,g9s521,https://i.imgur.com/UdV3kTm.png,307,,1588096937.0
215,20$ 3.5g is that normal?,weed,520,udwldj,https://i.redd.it/4zwbgdyr7aw81.jpg,534,,1651156935.0
216,Corbella: If Trudeau allows Huawei into Canada's 5G network all 38 million Canadians could be held hostage,canada,7062,q1zckr,https://calgarysun.com/opinion/columnists/corbella-if-trudeau-allows-huawei-into-canadas-5g-network-all-38-million-canadians-could-be-held-hostage/wcm/5e27b72e-d5a4-4380-a54f-c882b4b9a442,980,,1633449316.0
217,New 5G Blackberry Android phone with physical keyboard will arrive in 2021,Android,3514,icmpc0,https://crackberry.com/new-5g-blackberry-android-smartphone-keyboard-will-arrive-2021?utm_source=cb_tw&utm_medium=tw_tweet&utm_content=192815&utm_campaign=social,672,,1597840195.0
218,5G is unrealistically fast,malaysia,276,15t949u,https://i.redd.it/6n2kmk8mskib1.jpg,110,i‚Äôve just subscribed to new 5G plan and this is my data speed. this is at semenyih area btw. hb u guys?,1692236730.0
219,T-Mobile's 5G coverage because fuck you Nebraska.,iiiiiiitttttttttttt,1875,sk2hl5,https://i.redd.it/ppjdl5wkfqf81.jpg,189,,1643943851.0
220,Ajit Pai loses another court case as judges overturn 5G deregulation.,technology,9738,co8bra,https://arstechnica.com/tech-policy/2019/08/ajit-pai-loses-another-court-case-as-judges-overturn-5g-deregulation/,291,,1565383810.0
221,DID U KNOW: 5G,comics,6576,gw1so3,https://i.redd.it/cb1znwxn7r251.png,69,,1591215698.0
222,5G eye,lotrmemes,4830,g59qjc,https://i.redd.it/eaig6clm24u41.png,56,,1587448748.0
223,Apple reportedly plans to reveal the first iPhone SE with 5G in March,gadgets,3444,sktbj7,https://www.theverge.com/2022/2/4/22918318/iphone-se-ipad-air-5g-apple-rumor-march-8-universal-control,430,,1644021402.0
224,U.S. warns European allies not to use Huawei gear for 5G networks,worldnews,6993,anhsbs,https://www.theglobeandmail.com/world/article-us-warns-european-allies-not-to-use-huawei-gear-for-5g-networks/,950,,1549395430.0
225,5g make me feel bad,dankmemes,11834,gfgj6x,https://i.redd.it/pkvhxx1s3fx41.jpg,69,,1588889853.0
226,"For the security of Canadians, Huawei should be banned from our 5G networks",canada,8621,ai9o8s,https://www.theglobeandmail.com/opinion/article-for-the-security-of-canadians-huawei-should-be-banned-from-our-5g/,745,,1548073851.0
227,British Telecom boss reveals 39 engineers attacked and 33 masts damaged over 5G coronavirus conspiracy theories,worldnews,13117,g2d5md,https://www.thescottishsun.co.uk/news/5490024/coronavirus-5g-theories-bt-engineers-attacked/,1327,,1587036365.0
228,"Telus skips Huawei, picks Ericsson and Nokia to build 5G network",canada,4793,gvggrq,https://vancouversun.com/news/local-news/telus-skips-huawei-picks-ericsson-and-nokia-to-build-5g-network,364,,1591133892.0
